<?xml version="1.0" encoding="UTF-8"?>

<!DOCTYPE mapper PUBLIC "-//mybatis.org//DTD Mapper 3.0//EN" "http://mybatis.org/dtd/mybatis-3-mapper.dtd">

<mapper namespace="com.team.NewLearn.mapper.login.LoginMapper">


    <select id="selectMemberInfo" parameterType="String" resultType="memberDTO">
        /* 회원정보조회 */
        SELECT * FROM member WHERE email = #{email}
    </select>

    <update id="passwordFailCnt" parameterType="String">
        /*비밀번호 틀린 횟수 증가*/
        UPDATE member
        SET
            passwordLock = passwordLock + 1
        WHERE
            email = #{email}
    </update>

    <update id="resetPasswordFailCnt" parameterType="String">
        /*비밀번호 틀린 횟수 초기화*/
        UPDATE member
        SET
            passwordLock = 0
        WHERE
            email = #{email}
    </update>

    <insert id="AddLoginLog" parameterType="memberDTO">
        /* 로그인 로그 */
        INSERT INTO loginLog
            ( id
            , loginIp
            , state
            )
        VALUES
            ( #{id}, #{loginIp}, #{state} )

    </insert>

    <select id="checkPassLock" parameterType="int" resultType="int">

        SELECT passwordLock FROM member WHERE email = #{email}
    </select>



</mapper>