<?xml version="1.0" encoding="UTF-8"?>
<!DOCTYPE mapper PUBLIC "-//mybatis.org//DTD Mapper 3.0//EN" "http://mybatis.org/dtd/mybatis-3-mapper.dtd" >

<mapper namespace="com.team.NewLearn.mapper.lecture.LectureMapper">

<!-- 준철 임의 수정 -->
    <select id="getLectureList" resultType="com.team.NewLearn.dto.lecture.LectureDTO">
        SELECT *
        FROM LECTURE
        ORDER BY REGDATE DESC

    </select>

    <select id="getLecture" parameterType="int" resultType="com.team.NewLearn.dto.lecture.LectureDTO">
        SELECT *
        FROM LECTURE
        WHERE ID = #{id}
    </select>

    <select id="getLectureUnit" parameterType="int" resultType="com.team.NewLearn.dto.lectureunit.LectureUnitDTO">
        SELECT * FROM LECTUREUNIT
        WHERE LECTUREID = #{id}
        ORDER BY 'ORDER' ASC
    </select>
<!-- 준철 임의 수정 끝-->

<!-- 원본 -->
    <!--    <select id="getList" resultType="com.newLearnV2.newLearnV2.DTO.ClassDTO">-->
    <!--        SELECT C.ID,C.TITLE,C.CONTENTS,C.PRICE,C.BUYCOUNT,C.REGDATE,F.FILENAME,F.UUID-->
    <!--        FROM CLASS C,ATTACHFILE F-->
    <!--        WHERE C.ID = F.CLASS_ID-->
    <!--        ORDER BY C.REGDATE DESC-->
    <!--    </select>-->

    <select id="getFile" resultType="com.team.NewLearn.dto.lecture.LectureDTO" parameterType="int">
        SELECT CLASS_ID,FILENAME,UUID,IMAGE
        FROM ATTACHFILE
    </select>

<!--    <select id="getLecture" parameterType="int" resultType="com.newLearnV2.newLearnV2.DTO.ClassDTO">-->
<!--        SELECT C.ID,C.TITLE,C.CONTENTS,C.PRICE,C.BUYCOUNT,C.REGDATE,F.FILENAME,F.UUID-->
<!--        FROM CLASS C,ATTACHFILE F-->
<!--        WHERE ID = #{id} AND C.ID = F.CLASS_ID-->
<!--    </select>-->

    <insert id="addLecture" parameterType="com.team.NewLearn.dto.lecture.LectureDTO" useGeneratedKeys="true" keyColumn="id" keyProperty="id">
        INSERT INTO CLASS(ID,TITLE,CONTENTS,PRICE,BUYCOUNT) VALUES(
            AUTO_INCREASE.nextval,#{title},#{contents},#{price},#{buycount}
        )
    </insert>

    <update id="updateLecture" parameterType="com.team.NewLearn.dto.lecture.LectureDTO">
        UPDATE CLASS SET
        TITLE=#{title},CONTENTS=#{contents},PRICE=#{price},BUYCOUNT=#{buycount}
        WHERE ID=#{id}
    </update>

    <delete id="deleteLecture" parameterType="int">
        DELETE FROM CLASS
        WHERE ID=#{id}
    </delete>

<!--    <insert id="addFile" parameterType="com.newLearnV2.newLearnV2.DTO.AttachFileDTO" keyProperty="class_id">-->
<!--        INSERT INTO ATTACHFILE(CLASS_ID,FILENAME,UUID,IMAGE) VALUES (-->
<!--            #{class_id},#{fileName},#{uuid},#{image})-->
<!--    </insert>-->

    <update id="addLectureID" parameterType="String">
        UPDATE ATTACHFILE set CLASS_ID= TO_NUMBER(#{class_id})
        WHERE UUID = #{uuid}
    </update>
</mapper>